{"UUID":"YZXLd9ZTXQlTn2vl0w2ieh","layoutMainAxisSizing":null,"layoutCrossAxisSizing":null,"name":"Neelami initial","isVisible":true,"boundaryRectangle":null,"style":null,"prototypeNodeUUID":null,"child":null,"constraints":null,"debug":false,"pngPath":"/usr/src/app/temp-out/pb-tmp-e88de9ca-fcff-431c-8ef0-1390a7a10bad/nilami/lib/assets/images","pages":[{"UUID":"0:1","layoutMainAxisSizing":null,"layoutCrossAxisSizing":null,"name":"Page 1","isVisible":true,"boundaryRectangle":null,"style":null,"prototypeNodeUUID":null,"child":null,"constraints":null,"convert":true,"screens":[],"pbdlType":"page"}],"miscPages":[],"sharedStyles":[],"globalStyles":{"UUID":"","layoutMainAxisSizing":null,"layoutCrossAxisSizing":null,"name":"","isVisible":false,"boundaryRectangle":null,"style":null,"prototypeNodeUUID":null,"child":null,"constraints":null,"pbdlType":"global_styles","designSystem":"material","colors":[{"UUID":"2:6","layoutMainAxisSizing":null,"layoutCrossAxisSizing":null,"name":"dark","isVisible":false,"boundaryRectangle":null,"style":null,"prototypeNodeUUID":null,"child":null,"constraints":null,"description":"","pbdlType":"global_color","color":{"a":1.0,"r":0.07791666686534882,"g":0.09405797719955444,"b":0.1054166704416275}},{"UUID":"2:7","layoutMainAxisSizing":null,"layoutCrossAxisSizing":null,"name":"Gray 6","isVisible":false,"boundaryRectangle":null,"style":null,"prototypeNodeUUID":null,"child":null,"constraints":null,"description":"","pbdlType":"global_color","color":{"a":1.0,"r":0.9490196108818054,"g":0.9490196108818054,"b":0.9490196108818054}},{"UUID":"2:8","layoutMainAxisSizing":null,"layoutCrossAxisSizing":null,"name":"orange","isVisible":false,"boundaryRectangle":null,"style":null,"prototypeNodeUUID":null,"child":null,"constraints":null,"description":"","pbdlType":"global_color","color":{"a":1.0,"r":0.9876042604446411,"g":0.6008540987968445,"b":0.02072906494140625}},{"UUID":"2:9","layoutMainAxisSizing":null,"layoutCrossAxisSizing":null,"name":"Gray 4","isVisible":false,"boundaryRectangle":null,"style":null,"prototypeNodeUUID":null,"child":null,"constraints":null,"description":"","pbdlType":"global_color","color":{"a":1.0,"r":0.7411764860153198,"g":0.7411764860153198,"b":0.7411764860153198}}],"textStyles":[],"themeColors":[],"themeTextStyles":[]},"pbdlType":"project","azure_container_uri":"https://pbnestcore.blob.core.windows.net/yzxld9ztxqltn2vl0w2ieh"}